ID,Children Code,Area Name,Area Code,Date,Weather Codes,Weathers,Winds,Waves
1,011000,宗谷地方,011000,2024-12-04T11:00:00+09:00,402,雪　で　ふぶく　夕方　から　夜のはじめ頃　くもり　所により　雷　を伴う,西の風　やや強く　海上　では　西の風　強く,３メートル　後　２．５メートル
1,011000,宗谷地方,011000,2024-12-05T00:00:00+09:00,402,雪　で　ふぶく　時々　くもり　所により　昼前　まで　雷　を伴う,西の風　やや強く　海上　では　西の風　強く,２．５メートル　後　３メートル
1,011000,宗谷地方,011000,2024-12-06T00:00:00+09:00,402,雪　時々　くもり,北西の風　後　西の風,２メートル　後　２．５メートル
2,012000,上川地方,012010,2024-12-04T11:00:00+09:00,402,雪　時々　くもり　所により　雷　を伴う,西の風　後　南の風,なし
2,012000,上川地方,012010,2024-12-05T00:00:00+09:00,402,雪　時々　くもり　所により　昼前　まで　雷　を伴う,南の風　日中　西の風,なし
2,012000,上川地方,012010,2024-12-06T00:00:00+09:00,402,雪　時々　くもり,南西の風　後　西の風,なし
2,012000,留萌地方,012020,2024-12-04T11:00:00+09:00,400,雪　で　ふぶく　所により　雷　を伴う,西の風　やや強く　海上　では　西の風　強く,３メートル　後　２．５メートル
2,012000,留萌地方,012020,2024-12-05T00:00:00+09:00,402,雪　で　ふぶく　夕方　から　時々　くもり　所により　昼前　まで　雷　を伴う,西の風　やや強く　海上　では　西の風　強く,２．５メートル　後　３メートル
2,012000,留萌地方,012020,2024-12-06T00:00:00+09:00,402,雪　で　ふぶく　時々　くもり,西の風　やや強く,２メートル　後　３メートル
3,013000,網走地方,013010,2024-12-04T11:00:00+09:00,413,雪　昼過ぎ　から　くもり,南の風　後　北西の風　海上　では　西の風　やや強く,１メートル　後　１．５メートル
3,013000,網走地方,013010,2024-12-05T00:00:00+09:00,101,晴れ　時々　くもり,南の風　後　西の風　海上　では　南西の風　やや強く,１．５メートル　後　２メートル
3,013000,網走地方,013010,2024-12-06T00:00:00+09:00,201,くもり　時々　晴れ,南西の風　後　北西の風,２メートル
3,013000,北見地方,013020,2024-12-04T11:00:00+09:00,200,くもり　所により　夕方　まで　雪,南の風　後　北西の風,なし
3,013000,北見地方,013020,2024-12-05T00:00:00+09:00,101,晴れ　時々　くもり,南西の風,なし
3,013000,北見地方,013020,2024-12-06T00:00:00+09:00,201,くもり　時々　晴れ,南西の風　後　西の風,なし
3,013000,紋別地方,013030,2024-12-04T11:00:00+09:00,204,くもり　昼過ぎ　一時　雪　で　ふぶく,南西の風　やや強く　後　西の風,１．５メートル
3,013000,紋別地方,013030,2024-12-05T00:00:00+09:00,204,くもり　朝　一時　雪,南西の風　後　西の風　海上　では　西の風　やや強く,１メートル　後　１．５メートル
3,013000,紋別地方,013030,2024-12-06T00:00:00+09:00,204,くもり　一時　雪,南西の風　後　西の風,１．５メートル
5,014100,釧路地方,014020,2024-12-04T11:00:00+09:00,211,くもり　夕方　から　晴れ　所により　昼前　雪,西の風　後　やや強く,１メートル　後　２メートル
5,014100,釧路地方,014020,2024-12-05T00:00:00+09:00,101,晴れ　昼前　まで　時々　くもり　所により　朝　から　昼前　雪,西の風　日中　やや強く,２メートル　後　２．５メートル
5,014100,釧路地方,014020,2024-12-06T00:00:00+09:00,201,くもり　時々　晴れ,西の風　後　やや強く,２メートル
5,014100,根室地方,014010,2024-12-04T11:00:00+09:00,411,雪　昼過ぎ　から　くもり　後　晴れ,北の風　後　西の風　海上　では　西の風　やや強く,１．５メートル　後　２メートル
5,014100,根室地方,014010,2024-12-05T00:00:00+09:00,101,晴れ　昼前　まで　時々　くもり　所により　朝　から　昼前　雪か雨,西の風　海上　では　西の風　やや強く,２メートル　後　２．５メートル
5,014100,根室地方,014010,2024-12-06T00:00:00+09:00,201,くもり　時々　晴れ,西の風,２メートル
5,014100,十勝地方,014030,2024-12-04T11:00:00+09:00,211,くもり　夕方　から　晴れ　所により　昼過ぎ　まで　雪,西の風　海上　では　西の風　やや強く,１メートル　後　２メートル
5,014100,十勝地方,014030,2024-12-05T00:00:00+09:00,101,晴れ　昼前　まで　時々　くもり　所により　朝　まで　雪,西の風　海上　では　西の風　やや強く,２メートル　後　２．５メートル
5,014100,十勝地方,014030,2024-12-06T00:00:00+09:00,201,くもり　時々　晴れ,北東の風　後　北西の風,２メートル
6,015000,胆振地方,015010,2024-12-04T11:00:00+09:00,204,くもり　昼過ぎ　一時　雪　で　ふぶく,西の風　後　やや強く,１メートル　後　１．５メートル
6,015000,胆振地方,015010,2024-12-05T00:00:00+09:00,204,くもり　明け方　一時　雪,西の風　後　やや強く,１．５メートル
6,015000,胆振地方,015010,2024-12-06T00:00:00+09:00,204,くもり　一時　雪,北の風　後　西の風,１メートル　後　１．５メートル
6,015000,日高地方,015020,2024-12-04T11:00:00+09:00,413,雪　昼過ぎ　から　くもり,西の風　後　やや強く,１メートル　後　２メートル
6,015000,日高地方,015020,2024-12-05T00:00:00+09:00,204,くもり　明け方　から　朝　雪,西の風　後　やや強く　日高東部　では　西の風　強く,２メートル　後　２．５メートル
6,015000,日高地方,015020,2024-12-06T00:00:00+09:00,204,くもり　一時　雪,西の風　後　北西の風,２メートル　後　２．５メートル
7,016000,石狩地方,016010,2024-12-04T11:00:00+09:00,205,くもり　昼過ぎ　から　夕方　雪　所により　雷　を伴う,北西の風　後　南の風　石狩北部　では　西の風　やや強く,２．５メートル
7,016000,石狩地方,016010,2024-12-05T00:00:00+09:00,205,くもり　時々　雪　所により　昼前　まで　雷　を伴う,南の風　日中　北西の風　石狩北部　では　西の風　やや強く,２．５メートル　後　３メートル
7,016000,石狩地方,016010,2024-12-06T00:00:00+09:00,205,くもり　時々　雪,西の風　後　北西の風,２メートル　後　３メートル
7,016000,空知地方,016020,2024-12-04T11:00:00+09:00,402,雪　時々　くもり　所により　雷　を伴う,南の風　後　北西の風,なし
7,016000,空知地方,016020,2024-12-05T00:00:00+09:00,402,雪　時々　くもり　所により　昼前　まで　雷　を伴う,南の風　日中　西の風,なし
7,016000,空知地方,016020,2024-12-06T00:00:00+09:00,402,雪　時々　くもり,南東の風　後　北西の風,なし
7,016000,後志地方,016030,2024-12-04T11:00:00+09:00,402,雪　時々　くもり　所により　雷　を伴う,西の風　後志西部　では　後　西の風　強く,２．５メートル　後　３メートル
7,016000,後志地方,016030,2024-12-05T00:00:00+09:00,402,雪　時々　くもり　所により　昼前　まで　雷　を伴う,西の風　後志西部　では　はじめ　西の風　強く,３メートル
7,016000,後志地方,016030,2024-12-06T00:00:00+09:00,402,雪　時々　くもり,西の風　後　北西の風,２メートル　後　３メートル
8,017000,渡島地方,017010,2024-12-04T11:00:00+09:00,205,くもり　時々　雪　所により　雷　を伴う,西の風　海上　では　西の風　強く,２メートル　後　３メートル
8,017000,渡島地方,017010,2024-12-05T00:00:00+09:00,204,くもり　明け方　まで　雪　所により　昼前　まで　雷　を伴う,西の風　日中　やや強く　海上　では　西の風　強く,３メートル
8,017000,渡島地方,017010,2024-12-06T00:00:00+09:00,402,雪　時々　くもり,西の風,２．５メートル　後　４メートル
8,017000,檜山地方,017020,2024-12-04T11:00:00+09:00,402,雪　で　ふぶく　昼過ぎ　から　夕方　くもり　所により　雷　を伴う,西の風　やや強く　檜山奥尻島　では　西の風　強く,２メートル　後　３メートル
8,017000,檜山地方,017020,2024-12-05T00:00:00+09:00,413,雪　で　ふぶく　昼前　から　くもり　所により　昼前　まで　雷　を伴う,西の風　やや強く　檜山奥尻島　では　西の風　強く,３メートル
8,017000,檜山地方,017020,2024-12-06T00:00:00+09:00,402,雪　で　ふぶく　時々　くもり,北西の風　やや強く,２．５メートル　後　３メートル
9,020000,津軽,020010,2024-12-04T11:00:00+09:00,200,くもり　所により　雪か雨,西の風　海上　では　西の風　強く,２メートル　後　２．５メートル
9,020000,津軽,020010,2024-12-05T00:00:00+09:00,270,くもり　朝晩　雪か雨,西の風　海上　では　西の風　強く,２．５メートル　後　３メートル
9,020000,津軽,020010,2024-12-06T00:00:00+09:00,270,くもり　時々　雪か雨,西の風,４メートル
9,020000,下北,020020,2024-12-04T11:00:00+09:00,200,くもり　所により　雪か雨,西の風　海上　では　西の風　強く,１．５メートル
9,020000,下北,020020,2024-12-05T00:00:00+09:00,260,くもり　明け方　から　朝　雪か雨,南の風　後　西の風　やや強く　海上　では　西の風　強く,１．５メートル　後　２メートル
9,020000,下北,020020,2024-12-06T00:00:00+09:00,270,くもり　時々　雪か雨,北西の風　後　西の風,１メートル　後　２メートル
9,020000,三八上北,020030,2024-12-04T11:00:00+09:00,200,くもり　所により　夜のはじめ頃　まで　雪か雨,西の風　やや強く　後　南西の風,１メートル　後　１．５メートル
9,020000,三八上北,020030,2024-12-05T00:00:00+09:00,260,くもり　明け方　から　朝　雪か雨,南の風　後　西の風　やや強く,１メートル　後　１．５メートル
9,020000,三八上北,020030,2024-12-06T00:00:00+09:00,270,くもり　時々　雪か雨,西の風　やや強く,１メートル　後　２メートル
10,030000,内陸,030010,2024-12-04T11:00:00+09:00,200,くもり　所により　雨か雪,北西の風　後　西の風,なし
10,030000,内陸,030010,2024-12-05T00:00:00+09:00,270,くもり　朝晩　雪か雨,南の風　日中　西の風,なし
10,030000,内陸,030010,2024-12-06T00:00:00+09:00,260,くもり　一時　雪か雨,南の風　後　西の風,なし
10,030000,沿岸北部,030020,2024-12-04T11:00:00+09:00,211,くもり　夕方　から　晴れ　所により　昼前　雨,西の風　海上　では　北西の風　やや強く,１．５メートル
10,030000,沿岸北部,030020,2024-12-05T00:00:00+09:00,201,くもり　時々　晴れ　所により　朝晩　雪か雨,西の風　海上　では　南西の風　やや強く,１メートル　後　１．５メートル
10,030000,沿岸北部,030020,2024-12-06T00:00:00+09:00,201,くもり　時々　晴れ,西の風,１メートル　後　２メートル
10,030000,沿岸南部,030030,2024-12-04T11:00:00+09:00,211,くもり　夕方　から　晴れ　所により　昼前　雨,西の風　後　北西の風　海上　では　西の風　やや強く,１．５メートル
10,030000,沿岸南部,030030,2024-12-05T00:00:00+09:00,201,くもり　時々　晴れ　所により　明け方　から　昼前　雪か雨,北の風　海上　では　南西の風　やや強く,１メートル　後　１．５メートル
10,030000,沿岸南部,030030,2024-12-06T00:00:00+09:00,201,くもり　時々　晴れ,西の風,１メートル　後　２メートル
11,040000,東部,040010,2024-12-04T11:00:00+09:00,200,くもり　所により　夜遅く　雨か雪,西の風　やや強く　後　北の風,１．５メートル
11,040000,東部,040010,2024-12-05T00:00:00+09:00,200,くもり　所により　雨か雪,南西の風　後　北の風　海上　では　西の風　やや強く,１メートル　後　１．５メートル
11,040000,東部,040010,2024-12-06T00:00:00+09:00,201,くもり　時々　晴れ,西の風　後　やや強く,１メートル　後　２メートル
11,040000,西部,040020,2024-12-04T11:00:00+09:00,218,くもり　夜遅く　雨か雪,西の風　やや強く　後　南西の風,なし
11,040000,西部,040020,2024-12-05T00:00:00+09:00,302,雨か雪　時々　くもり,南西の風　後　西の風,なし
11,040000,西部,040020,2024-12-06T00:00:00+09:00,206,くもり　一時　雨か雪,西の風,なし
12,050000,沿岸,050010,2024-12-04T11:00:00+09:00,302,雨か雪　時々　くもり,西の風　やや強く　後　北の風,３メートル
12,050000,沿岸,050010,2024-12-05T00:00:00+09:00,304,雨か雪　所により　雷　を伴う,北西の風　やや強く　後　西の風,２メートル　後　３メートル
12,050000,沿岸,050010,2024-12-06T00:00:00+09:00,207,くもり　時々　雨か雪,西の風　やや強く,４メートル
12,050000,内陸,050020,2024-12-04T11:00:00+09:00,302,雨か雪　時々　くもり,北西の風,なし
12,050000,内陸,050020,2024-12-05T00:00:00+09:00,340,雪か雨　所により　雷　を伴う,北西の風　後　西の風,なし
12,050000,内陸,050020,2024-12-06T00:00:00+09:00,270,くもり　時々　雪か雨,西の風　やや強く,なし
13,060000,村山,060010,2024-12-04T11:00:00+09:00,203,くもり　時々　雨,南西の風　後　南の風,なし
13,060000,村山,060010,2024-12-05T00:00:00+09:00,304,雨か雪　所により　雷　を伴う,南の風,なし
13,060000,村山,060010,2024-12-06T00:00:00+09:00,207,くもり　時々　雨か雪,南の風　後　南西の風,なし
13,060000,置賜,060020,2024-12-04T11:00:00+09:00,302,雨　夕方　まで　時々　くもり,西の風,なし
13,060000,置賜,060020,2024-12-05T00:00:00+09:00,304,雨か雪　所により　雷　を伴う,西の風,なし
13,060000,置賜,060020,2024-12-06T00:00:00+09:00,207,くもり　時々　雨か雪,西の風,なし
13,060000,庄内,060030,2024-12-04T11:00:00+09:00,302,雨　時々　くもり,北西の風　やや強く　後　北の風,３メートル
13,060000,庄内,060030,2024-12-05T00:00:00+09:00,304,雨か雪　所により　雷　を伴う,西の風　やや強く,２メートル　後　３メートル
13,060000,庄内,060030,2024-12-06T00:00:00+09:00,207,くもり　時々　雨か雪,西の風　やや強く　後　北西の風　やや強く,４メートル
13,060000,最上,060040,2024-12-04T11:00:00+09:00,302,雨　時々　くもり,北西の風,なし
13,060000,最上,060040,2024-12-05T00:00:00+09:00,304,雨か雪　所により　雷　を伴う,南東の風　後　北西の風,なし
13,060000,最上,060040,2024-12-06T00:00:00+09:00,207,くもり　時々　雨か雪,西の風　後　北西の風　やや強く,なし
14,070000,中通り,070010,2024-12-04T11:00:00+09:00,201,くもり　昼過ぎ　から　夕方　晴れ　所により　夜　雨,北西の風　やや強く　後　北の風,なし
14,070000,中通り,070010,2024-12-05T00:00:00+09:00,201,くもり　時々　晴れ　所により　雨,南の風　日中　西の風,なし
14,070000,中通り,070010,2024-12-06T00:00:00+09:00,201,くもり　時々　晴れ,南の風　後　西の風,なし
14,070000,浜通り,070020,2024-12-04T11:00:00+09:00,211,くもり　夕方　から　晴れ,北西の風　やや強く　後　北の風,１．５メートル
14,070000,浜通り,070020,2024-12-05T00:00:00+09:00,101,晴れ　時々　くもり,北の風　後　北西の風　海上　では　西の風　やや強く,１メートル
14,070000,浜通り,070020,2024-12-06T00:00:00+09:00,201,くもり　時々　晴れ,西の風,１．５メートル
14,070000,会津,070030,2024-12-04T11:00:00+09:00,200,くもり　所により　雨,西の風,なし
14,070000,会津,070030,2024-12-05T00:00:00+09:00,302,雨か雪　時々　くもり,北西の風　後　西の風,なし
14,070000,会津,070030,2024-12-06T00:00:00+09:00,207,くもり　時々　雨か雪,西の風,なし
15,080000,北部,080010,2024-12-04T11:00:00+09:00,111,晴れ　夜　くもり,北西の風　後　北の風　海上　では　北西の風　やや強く,２メートル
15,080000,北部,080010,2024-12-05T00:00:00+09:00,201,くもり　時々　晴れ,北西の風　海上　では　北西の風　やや強く,１．５メートル　後　２メートル
15,080000,北部,080010,2024-12-06T00:00:00+09:00,101,晴れ　時々　くもり,西の風,２メートル
15,080000,南部,080020,2024-12-04T11:00:00+09:00,111,晴れ　夜　くもり,北東の風　海上　では　北の風　やや強く,２メートル
15,080000,南部,080020,2024-12-05T00:00:00+09:00,201,くもり　時々　晴れ,北西の風　海上　では　北西の風　やや強く,１．５メートル　後　２メートル
15,080000,南部,080020,2024-12-06T00:00:00+09:00,101,晴れ　時々　くもり,西の風　後　南西の風,２メートル
16,090000,南部,090010,2024-12-04T11:00:00+09:00,100,晴れ,北の風,なし
16,090000,南部,090010,2024-12-05T00:00:00+09:00,100,晴れ,北の風,なし
16,090000,南部,090010,2024-12-06T00:00:00+09:00,101,晴れ　時々　くもり,南西の風,なし
16,090000,北部,090020,2024-12-04T11:00:00+09:00,100,晴れ,北西の風　やや強く　後　北の風,なし
16,090000,北部,090020,2024-12-05T00:00:00+09:00,101,晴れ　昼過ぎ　まで　時々　くもり,北の風　日光市　では　西の風　やや強く,なし
16,090000,北部,090020,2024-12-06T00:00:00+09:00,101,晴れ　時々　くもり,南の風　後　南西の風,なし
17,100000,南部,100010,2024-12-04T11:00:00+09:00,100,晴れ,北西の風,なし
17,100000,南部,100010,2024-12-05T00:00:00+09:00,100,晴れ,北西の風,なし
17,100000,南部,100010,2024-12-06T00:00:00+09:00,101,晴れ　時々　くもり,北の風,なし
17,100000,北部,100020,2024-12-04T11:00:00+09:00,100,晴れ,北の風,なし
17,100000,北部,100020,2024-12-05T00:00:00+09:00,101,晴れ　時々　くもり,北の風,なし
17,100000,北部,100020,2024-12-06T00:00:00+09:00,200,くもり,北西の風　後　北の風,なし
18,110000,北部,110020,2024-12-04T11:00:00+09:00,111,晴れ　夜　くもり,北西の風,なし
18,110000,北部,110020,2024-12-05T00:00:00+09:00,101,晴れ　時々　くもり,北西の風,なし
18,110000,北部,110020,2024-12-06T00:00:00+09:00,101,晴れ　時々　くもり,西の風,なし
18,110000,南部,110010,2024-12-04T11:00:00+09:00,111,晴れ　夜　くもり,北の風,なし
18,110000,南部,110010,2024-12-05T00:00:00+09:00,101,晴れ　時々　くもり,北の風　日中　南の風,なし
18,110000,南部,110010,2024-12-06T00:00:00+09:00,101,晴れ　時々　くもり,北西の風　後　南の風,なし
18,110000,秩父地方,110030,2024-12-04T11:00:00+09:00,111,晴れ　夜　くもり,北の風　後　南西の風,なし
18,110000,秩父地方,110030,2024-12-05T00:00:00+09:00,101,晴れ　時々　くもり,南西の風　日中　東の風,なし
18,110000,秩父地方,110030,2024-12-06T00:00:00+09:00,101,晴れ　時々　くもり,南西の風　後　南の風,なし
19,120000,北西部,120010,2024-12-04T11:00:00+09:00,111,晴れ　夜　くもり,北の風,０．５メートル
19,120000,北西部,120010,2024-12-05T00:00:00+09:00,201,くもり　時々　晴れ,北の風,０．５メートル
19,120000,北西部,120010,2024-12-06T00:00:00+09:00,101,晴れ　時々　くもり,西の風　後　南西の風,０．５メートル　後　１メートル
19,120000,北東部,120020,2024-12-04T11:00:00+09:00,111,晴れ　夜　くもり,北東の風　海上　では　北の風　やや強く,２メートル
19,120000,北東部,120020,2024-12-05T00:00:00+09:00,201,くもり　時々　晴れ,北西の風　海上　では　北西の風　やや強く,１．５メートル　後　２メートル
19,120000,北東部,120020,2024-12-06T00:00:00+09:00,101,晴れ　時々　くもり,北西の風　後　西の風,２メートル
19,120000,南部,120030,2024-12-04T11:00:00+09:00,111,晴れ　夜　くもり,北東の風　夷隅・安房　では　北の風　やや強く,２メートル
19,120000,南部,120030,2024-12-05T00:00:00+09:00,201,くもり　時々　晴れ,北の風　後　西の風　やや強く　夷隅・安房　では　後　西の風　強く,１．５メートル　後　２．５メートル
19,120000,南部,120030,2024-12-06T00:00:00+09:00,101,晴れ　時々　くもり,西の風　やや強く,２．５メートル　後　３メートル
20,130000,東京地方,130010,2024-12-04T11:00:00+09:00,111,晴れ　夜　くもり,北の風,０．５メートル
20,130000,東京地方,130010,2024-12-05T00:00:00+09:00,101,晴れ　時々　くもり,北の風　後　南の風,０．５メートル
20,130000,東京地方,130010,2024-12-06T00:00:00+09:00,101,晴れ　時々　くもり,南の風　後　やや強く,０．５メートル　後　１メートル
20,130000,伊豆諸島北部,130020,2024-12-04T11:00:00+09:00,111,晴れ　夜　くもり,西の風　やや強く　後　北東の風　新島　では　後　西の風　強く,１．５メートル　後　２メートル　ただし　新島　では　２メートル　後　２．５メートル
20,130000,伊豆諸島北部,130020,2024-12-05T00:00:00+09:00,211,くもり　昼前　から　晴れ,北東の風　後　西の風　強く,２メートル　後　２．５メートル　ただし　新島　では　２．５メートル　後　３メートル
20,130000,伊豆諸島北部,130020,2024-12-06T00:00:00+09:00,101,晴れ　時々　くもり,西の風　強く,２．５メートル　ただし　新島　では　３メートル
20,130000,伊豆諸島南部,130030,2024-12-04T11:00:00+09:00,211,くもり　夕方　から　晴れ　八丈島　では　夕方　まで　雨　で　雷を伴う,西の風　やや強く　三宅島　では　後　西の風　強く,２メートル　後　３メートル
20,130000,伊豆諸島南部,130030,2024-12-05T00:00:00+09:00,201,くもり　時々　晴れ,西の風　やや強く　三宅島　では　西の風　強く,３メートル
20,130000,伊豆諸島南部,130030,2024-12-06T00:00:00+09:00,201,くもり　時々　晴れ,西の風　強く,３メートル
20,130000,小笠原諸島,130040,2024-12-04T11:00:00+09:00,300,雨　所により　雷　を伴う,南東の風　やや強く　後　北の風　やや強く,２．５メートル　後　２メートル　うねり　を伴う
20,130000,小笠原諸島,130040,2024-12-05T00:00:00+09:00,210,くもり　昼過ぎ　から　時々　晴れ　所により　明け方　まで　雨,北の風,２メートル　後　１．５メートル　うねり　を伴う
20,130000,小笠原諸島,130040,2024-12-06T00:00:00+09:00,201,くもり　時々　晴れ,北の風,１．５メートル
21,140000,東部,140010,2024-12-04T11:00:00+09:00,100,晴れ,北東の風,１メートル
21,140000,東部,140010,2024-12-05T00:00:00+09:00,101,晴れ　時々　くもり,北の風　後　北西の風　海上　では　後　南西の風　やや強く,１メートル　後　１．５メートル
21,140000,東部,140010,2024-12-06T00:00:00+09:00,101,晴れ　時々　くもり,南の風　後　南西の風,１．５メートル　後　２メートル
21,140000,西部,140020,2024-12-04T11:00:00+09:00,100,晴れ,北東の風,１メートル
21,140000,西部,140020,2024-12-05T00:00:00+09:00,101,晴れ　時々　くもり,北の風　後　北西の風　海上　では　後　南西の風　やや強く,１メートル　後　１．５メートル
21,140000,西部,140020,2024-12-06T00:00:00+09:00,101,晴れ　時々　くもり,南の風,１．５メートル　後　２メートル
22,190000,中・西部,190010,2024-12-04T11:00:00+09:00,100,晴れ,北西の風,なし
22,190000,中・西部,190010,2024-12-05T00:00:00+09:00,100,晴れ,北西の風,なし
22,190000,中・西部,190010,2024-12-06T00:00:00+09:00,101,晴れ　時々　くもり,西の風　後　北西の風,なし
22,190000,東部・富士五湖,190020,2024-12-04T11:00:00+09:00,100,晴れ,南東の風　後　西の風,なし
22,190000,東部・富士五湖,190020,2024-12-05T00:00:00+09:00,100,晴れ,西の風,なし
22,190000,東部・富士五湖,190020,2024-12-06T00:00:00+09:00,101,晴れ　時々　くもり,西の風,なし
23,200000,北部,200010,2024-12-04T11:00:00+09:00,100,晴れ,北の風,なし
23,200000,北部,200010,2024-12-05T00:00:00+09:00,101,晴れ　時々　くもり　所により　雪か雨,南の風,なし
23,200000,北部,200010,2024-12-06T00:00:00+09:00,218,くもり　後　一時　雨か雪,西の風,なし
23,200000,中部,200020,2024-12-04T11:00:00+09:00,100,晴れ,南の風　諏訪地域　では　西の風　やや強く,なし
23,200000,中部,200020,2024-12-05T00:00:00+09:00,101,晴れ　朝晩　くもり　所により　夜遅く　雪か雨,南の風,なし
23,200000,中部,200020,2024-12-06T00:00:00+09:00,200,くもり,南の風　やや強く,なし
23,200000,南部,200030,2024-12-04T11:00:00+09:00,100,晴れ,北の風,なし
23,200000,南部,200030,2024-12-05T00:00:00+09:00,101,晴れ　朝晩　くもり　所により　夜遅く　雪か雨,南の風,なし
23,200000,南部,200030,2024-12-06T00:00:00+09:00,200,くもり,南の風,なし
24,210000,美濃地方,210010,2024-12-04T11:00:00+09:00,101,晴れ　時々　くもり,北西の風,なし
24,210000,美濃地方,210010,2024-12-05T00:00:00+09:00,201,くもり　時々　晴れ　所により　夜　雨か雪,北の風　後　西の風,なし
24,210000,美濃地方,210010,2024-12-06T00:00:00+09:00,200,くもり,西の風,なし
24,210000,飛騨地方,210020,2024-12-04T11:00:00+09:00,200,くもり,北西の風　後　西の風,なし
24,210000,飛騨地方,210020,2024-12-05T00:00:00+09:00,218,くもり　夜遅く　雨か雪,西の風,なし
24,210000,飛騨地方,210020,2024-12-06T00:00:00+09:00,207,くもり　時々　雨か雪,南の風　後　西の風,なし
25,220000,中部,220010,2024-12-04T11:00:00+09:00,100,晴れ,西の風　やや強く　海上　では　北西の風　強く,２メートル　後　２．５メートル
25,220000,中部,220010,2024-12-05T00:00:00+09:00,101,晴れ　時々　くもり,西の風　やや強く　海上　では　はじめ　西の風　強く,２．５メートル　後　２メートル
25,220000,中部,220010,2024-12-06T00:00:00+09:00,100,晴れ,西の風　やや強く,２メートル
25,220000,西部,220040,2024-12-04T11:00:00+09:00,100,晴れ,西の風　やや強く　海上　では　北西の風　強く,２メートル　後　２．５メートル
25,220000,西部,220040,2024-12-05T00:00:00+09:00,101,晴れ　時々　くもり,西の風　やや強く　海上　では　はじめ　西の風　強く,２．５メートル　後　２メートル
25,220000,西部,220040,2024-12-06T00:00:00+09:00,100,晴れ,西の風　やや強く,２メートル
25,220000,東部,220030,2024-12-04T11:00:00+09:00,111,晴れ　夜　くもり,東の風,１メートル
25,220000,東部,220030,2024-12-05T00:00:00+09:00,101,晴れ　時々　くもり,東の風　後　西の風　海上　では　西の風　やや強く,１メートル
25,220000,東部,220030,2024-12-06T00:00:00+09:00,100,晴れ,西の風,１メートル
25,220000,伊豆,220020,2024-12-04T11:00:00+09:00,111,晴れ　夜　くもり,西の風　はじめ　やや強く　伊豆南　では　西の風　強く,２メートル　後　２．５メートル
25,220000,伊豆,220020,2024-12-05T00:00:00+09:00,101,晴れ　時々　くもり,西の風　後　やや強く　伊豆南　では　西の風　強く,２．５メートル
25,220000,伊豆,220020,2024-12-06T00:00:00+09:00,100,晴れ,西の風　やや強く,２メートル　後　２．５メートル
26,230000,西部,230010,2024-12-04T11:00:00+09:00,100,晴れ,北西の風　やや強く　海上　では　北西の風　強く,１メートル
26,230000,西部,230010,2024-12-05T00:00:00+09:00,101,晴れ　時々　くもり,西の風　海上　では　西の風　やや強く,０．５メートル
26,230000,西部,230010,2024-12-06T00:00:00+09:00,101,晴れ　時々　くもり,西の風,０．５メートル
26,230000,東部,230020,2024-12-04T11:00:00+09:00,100,晴れ,北西の風　やや強く　海上　では　北西の風　強く,２メートル　ただし　内海　では　１メートル
26,230000,東部,230020,2024-12-05T00:00:00+09:00,101,晴れ　時々　くもり,西の風　海上　では　西の風　やや強く,１．５メートル　ただし　内海　では　０．５メートル
26,230000,東部,230020,2024-12-06T00:00:00+09:00,101,晴れ　時々　くもり,西の風,１．５メートル　ただし　内海　では　０．５メートル
27,240000,北中部,240010,2024-12-04T11:00:00+09:00,101,晴れ　時々　くもり,北西の風　やや強く　後　西の風　海上　では　北西の風　強く,０．５メートル
27,240000,北中部,240010,2024-12-05T00:00:00+09:00,101,晴れ　時々　くもり,西の風　海上　では　西の風　やや強く,０．５メートル
27,240000,北中部,240010,2024-12-06T00:00:00+09:00,101,晴れ　時々　くもり,西の風,０．５メートル
27,240000,南部,240020,2024-12-04T11:00:00+09:00,100,晴れ,北西の風　やや強く　海上　では　北西の風　強く,１．５メートル
27,240000,南部,240020,2024-12-05T00:00:00+09:00,101,晴れ　時々　くもり,北西の風　海上　では　西の風　やや強く,１．５メートル
27,240000,南部,240020,2024-12-06T00:00:00+09:00,101,晴れ　時々　くもり,西の風,１．５メートル
28,150000,下越,150010,2024-12-04T11:00:00+09:00,214,くもり　夜　雨　所により　雷　を伴う,西の風　やや強く,４メートル　後　２．５メートル　うねり　を伴う
28,150000,下越,150010,2024-12-05T00:00:00+09:00,302,雨　時々　くもり　所により　雷　を伴う,西の風　やや強く　海上　では　西の風　強く,２．５メートル　後　３メートル
28,150000,下越,150010,2024-12-06T00:00:00+09:00,203,くもり　時々　雨,西の風　やや強く,３メートル　後　４メートル
28,150000,中越,150020,2024-12-04T11:00:00+09:00,214,くもり　夜　雨　所により　雷　を伴う,西の風　はじめ　やや強く,３メートル　後　２．５メートル　うねり　を伴う
28,150000,中越,150020,2024-12-05T00:00:00+09:00,302,雨　時々　くもり　所により　雷　を伴う,西の風　やや強く　海上　では　西の風　強く,２．５メートル　後　３メートル
28,150000,中越,150020,2024-12-06T00:00:00+09:00,203,くもり　時々　雨,西の風　後　やや強く,３メートル　後　４メートル
28,150000,上越,150030,2024-12-04T11:00:00+09:00,200,くもり　所により　雨　で　雷を伴う,西の風　はじめ　やや強く,３メートル　後　２．５メートル　うねり　を伴う
28,150000,上越,150030,2024-12-05T00:00:00+09:00,203,くもり　時々　雨　所により　雷　を伴う,西の風　海上　では　西の風　強く,２．５メートル　後　３メートル
28,150000,上越,150030,2024-12-06T00:00:00+09:00,203,くもり　時々　雨,西の風　後　やや強く,３メートル　後　４メートル
28,150000,佐渡,150040,2024-12-04T11:00:00+09:00,203,くもり　時々　雨　所により　雷　を伴う,北西の風　やや強く　後　西の風　やや強く,４メートル　後　２．５メートル　うねり　を伴う
28,150000,佐渡,150040,2024-12-05T00:00:00+09:00,302,雨　時々　くもり　所により　雷　を伴う,西の風　やや強く　海上　では　西の風　強く,２．５メートル　後　３メートル
28,150000,佐渡,150040,2024-12-06T00:00:00+09:00,203,くもり　時々　雨,西の風　強く　後　北西の風　やや強く,３メートル　後　４メートル
29,160000,東部,160010,2024-12-04T11:00:00+09:00,203,くもり　時々　雨,西の風　後　南の風　海上　では　西の風　やや強く,１．５メートル
29,160000,東部,160010,2024-12-05T00:00:00+09:00,302,雨　時々　くもり,南の風　日中　南西の風　海上　では　西の風　やや強く,１．５メートル
29,160000,東部,160010,2024-12-06T00:00:00+09:00,203,くもり　時々　雨,南の風　後　西の風,１．５メートル　後　２メートル
29,160000,西部,160020,2024-12-04T11:00:00+09:00,203,くもり　時々　雨,西の風　後　南西の風　海上　では　西の風　やや強く,１メートル
29,160000,西部,160020,2024-12-05T00:00:00+09:00,302,雨　時々　くもり,南西の風　海上　では　南西の風　やや強く,１メートル
29,160000,西部,160020,2024-12-06T00:00:00+09:00,203,くもり　時々　雨,西の風,１メートル
30,170000,加賀,170010,2024-12-04T11:00:00+09:00,200,くもり　所により　夕方　から　雨,西の風　海上　では　西の風　やや強く,３メートル　後　２．５メートル　うねり　を伴う
30,170000,加賀,170010,2024-12-05T00:00:00+09:00,203,くもり　時々　雨,西の風　後　やや強く,２．５メートル　後　３メートル
30,170000,加賀,170010,2024-12-06T00:00:00+09:00,203,くもり　時々　雨,南西の風　後　西の風　やや強く,３メートル　後　４メートル
30,170000,能登,170020,2024-12-04T11:00:00+09:00,200,くもり　所により　夕方　から　雨,南西の風　やや強く,４メートル　後　２．５メートル　うねり　を伴う
30,170000,能登,170020,2024-12-05T00:00:00+09:00,203,くもり　時々　雨,西の風　後　やや強く　海上　では　後　南西の風　強く,２．５メートル　後　３メートル
30,170000,能登,170020,2024-12-06T00:00:00+09:00,203,くもり　時々　雨,西の風　後　やや強く,３メートル　後　４メートル
31,180000,嶺北,180010,2024-12-04T11:00:00+09:00,200,くもり　所により　雨,北の風　後　南の風　海上　では　西の風　やや強く,３メートル　後　２．５メートル　うねり　を伴う
31,180000,嶺北,180010,2024-12-05T00:00:00+09:00,203,くもり　時々　雨,南の風　日中　北の風　海上　では　西の風　やや強く,２．５メートル　後　３メートル
31,180000,嶺北,180010,2024-12-06T00:00:00+09:00,203,くもり　時々　雨,南西の風　後　西の風,３メートル　後　４メートル
31,180000,嶺南,180020,2024-12-04T11:00:00+09:00,200,くもり　所により　雨,北の風　海上　では　北西の風　やや強く,２．５メートル　うねり　を伴う
31,180000,嶺南,180020,2024-12-05T00:00:00+09:00,200,くもり　所により　夕方　から　雨,南の風　日中　北の風　海上　では　西の風　やや強く,２メートル　後　３メートル
31,180000,嶺南,180020,2024-12-06T00:00:00+09:00,202,くもり　一時　雨,北西の風　後　西の風,３メートル　後　４メートル
32,250000,南部,250010,2024-12-04T11:00:00+09:00,201,くもり　時々　晴れ,北西の風　琵琶湖　では　北西の風　やや強く,なし
32,250000,南部,250010,2024-12-05T00:00:00+09:00,201,くもり　時々　晴れ,北西の風,なし
32,250000,南部,250010,2024-12-06T00:00:00+09:00,101,晴れ　時々　くもり,北西の風,なし
32,250000,北部,250020,2024-12-04T11:00:00+09:00,200,くもり　所により　雨,北西の風　琵琶湖　では　北西の風　やや強く,なし
32,250000,北部,250020,2024-12-05T00:00:00+09:00,200,くもり　所により　雨　で　雷を伴う,北西の風,なし
32,250000,北部,250020,2024-12-06T00:00:00+09:00,200,くもり,北西の風,なし
33,260000,南部,260010,2024-12-04T11:00:00+09:00,201,くもり　時々　晴れ,北西の風,なし
33,260000,南部,260010,2024-12-05T00:00:00+09:00,101,晴れ　時々　くもり,西の風,なし
33,260000,南部,260010,2024-12-06T00:00:00+09:00,101,晴れ　時々　くもり,西の風,なし
33,260000,北部,260020,2024-12-04T11:00:00+09:00,200,くもり　所により　雨,西の風　海上　では　西の風　やや強く,３メートル　後　２．５メートル　うねり　を伴う
33,260000,北部,260020,2024-12-05T00:00:00+09:00,200,くもり　所により　雨　で　雷を伴う,西の風　後　やや強く　海上　では　西の風　強く,２．５メートル　後　３メートル
33,260000,北部,260020,2024-12-06T00:00:00+09:00,200,くもり,西の風　やや強く,３メートル
34,270000,大阪府,270000,2024-12-04T11:00:00+09:00,101,晴れ　時々　くもり,北西の風　海上　では　後　北西の風　やや強く,０．５メートル　後　１メートル
34,270000,大阪府,270000,2024-12-05T00:00:00+09:00,101,晴れ　時々　くもり,北西の風　後　西の風　海上　では　北西の風　やや強く,１メートル
34,270000,大阪府,270000,2024-12-06T00:00:00+09:00,101,晴れ　時々　くもり,西の風,１メートル
35,280000,南部,280010,2024-12-04T11:00:00+09:00,201,くもり　時々　晴れ,北西の風　海上　では　北西の風　やや強く,１メートル
35,280000,南部,280010,2024-12-05T00:00:00+09:00,101,晴れ　時々　くもり,北西の風　後　西の風　やや強く,１メートル
35,280000,南部,280010,2024-12-06T00:00:00+09:00,101,晴れ　時々　くもり,西の風　やや強く,１メートル
35,280000,北部,280020,2024-12-04T11:00:00+09:00,200,くもり　所により　雨,西の風　海上　では　西の風　やや強く,３メートル　後　２．５メートル　うねり　を伴う
35,280000,北部,280020,2024-12-05T00:00:00+09:00,200,くもり　所により　雨　で　雷を伴う,西の風　後　やや強く　海上　では　西の風　強く,２．５メートル　後　３メートル
35,280000,北部,280020,2024-12-06T00:00:00+09:00,200,くもり,西の風　やや強く,３メートル
36,290000,北部,290010,2024-12-04T11:00:00+09:00,101,晴れ　時々　くもり,西の風　後　北の風,なし
36,290000,北部,290010,2024-12-05T00:00:00+09:00,101,晴れ　時々　くもり,西の風,なし
36,290000,北部,290010,2024-12-06T00:00:00+09:00,101,晴れ　時々　くもり,西の風,なし
36,290000,南部,290020,2024-12-04T11:00:00+09:00,101,晴れ　時々　くもり,北の風,なし
36,290000,南部,290020,2024-12-05T00:00:00+09:00,101,晴れ　時々　くもり,北の風　後　南の風,なし
36,290000,南部,290020,2024-12-06T00:00:00+09:00,101,晴れ　時々　くもり,南の風,なし
37,300000,北部,300010,2024-12-04T11:00:00+09:00,101,晴れ　時々　くもり,北の風　海上　では　北の風　やや強く,１．５メートル
37,300000,北部,300010,2024-12-05T00:00:00+09:00,101,晴れ　時々　くもり,北西の風　海上　では　北西の風　やや強く,１．５メートル
37,300000,北部,300010,2024-12-06T00:00:00+09:00,101,晴れ　時々　くもり,西の風,１メートル
37,300000,南部,300020,2024-12-04T11:00:00+09:00,100,晴れ,北の風　海上　では　北の風　やや強く,１．５メートル
37,300000,南部,300020,2024-12-05T00:00:00+09:00,100,晴れ,北西の風　海上　では　北西の風　やや強く,１．５メートル
37,300000,南部,300020,2024-12-06T00:00:00+09:00,100,晴れ,西の風,１．５メートル
38,310000,東部,310010,2024-12-04T11:00:00+09:00,200,くもり,西の風　後　南西の風　海上　では　西の風　やや強く,３メートル　後　２．５メートル　うねり　を伴う
38,310000,東部,310010,2024-12-05T00:00:00+09:00,200,くもり　所により　昼前　から　雨　で　雷を伴う,南西の風　日中　西の風　やや強く,２．５メートル　後　３メートル
38,310000,東部,310010,2024-12-06T00:00:00+09:00,202,くもり　一時　雨,西の風　やや強く,３メートル
38,310000,中・西部,310020,2024-12-04T11:00:00+09:00,200,くもり,西の風　後　南西の風　海上　では　西の風　やや強く,３メートル　後　２．５メートル　うねり　を伴う
38,310000,中・西部,310020,2024-12-05T00:00:00+09:00,200,くもり　所により　昼前　から　雨　で　雷を伴う,南西の風　日中　西の風　やや強く,２．５メートル　後　３メートル
38,310000,中・西部,310020,2024-12-06T00:00:00+09:00,202,くもり　一時　雨,西の風　やや強く,３メートル
39,320000,東部,320010,2024-12-04T11:00:00+09:00,200,くもり,西の風　海上　では　西の風　やや強く,２．５メートル　後　２メートル　うねり　を伴う
39,320000,東部,320010,2024-12-05T00:00:00+09:00,200,くもり　所により　朝　から　雨　で　雷を伴う,西の風　やや強く　海上　では　西の風　強く,２．５メートル　後　３メートル
39,320000,東部,320010,2024-12-06T00:00:00+09:00,202,くもり　一時　雨,西の風　やや強く,３メートル
39,320000,西部,320020,2024-12-04T11:00:00+09:00,200,くもり,北西の風　後　西の風　海上　では　北西の風　やや強く,２．５メートル　後　２メートル　うねり　を伴う
39,320000,西部,320020,2024-12-05T00:00:00+09:00,200,くもり　所により　朝　から　雨　で　雷を伴う,西の風　後　やや強く,２．５メートル
39,320000,西部,320020,2024-12-06T00:00:00+09:00,202,くもり　一時　雨,西の風　やや強く,２．５メートル　後　３メートル
39,320000,隠岐,320030,2024-12-04T11:00:00+09:00,200,くもり,西の風　海上　では　西の風　やや強く,３メートル　後　２．５メートル　うねり　を伴う
39,320000,隠岐,320030,2024-12-05T00:00:00+09:00,200,くもり,西の風　やや強く　海上　では　西の風　強く,２．５メートル　後　３メートル
39,320000,隠岐,320030,2024-12-06T00:00:00+09:00,200,くもり,西の風　やや強く,３メートル
40,330000,南部,330010,2024-12-04T11:00:00+09:00,101,晴れ　時々　くもり,西の風,０．５メートル
40,330000,南部,330010,2024-12-05T00:00:00+09:00,101,晴れ　時々　くもり,西の風　海上　では　西の風　やや強く,０．５メートル　後　１メートル
40,330000,南部,330010,2024-12-06T00:00:00+09:00,101,晴れ　時々　くもり,西の風,１メートル
40,330000,北部,330020,2024-12-04T11:00:00+09:00,201,くもり　時々　晴れ,西の風,なし
40,330000,北部,330020,2024-12-05T00:00:00+09:00,200,くもり　所により　夜　雨,西の風,なし
40,330000,北部,330020,2024-12-06T00:00:00+09:00,200,くもり,西の風,なし
41,340000,南部,340010,2024-12-04T11:00:00+09:00,101,晴れ　時々　くもり,北の風　後　西の風,０．５メートル
41,340000,南部,340010,2024-12-05T00:00:00+09:00,201,くもり　時々　晴れ,西の風　海上　では　西の風　やや強く,０．５メートル　後　１メートル
41,340000,南部,340010,2024-12-06T00:00:00+09:00,101,晴れ　時々　くもり,西の風,１メートル
41,340000,北部,340020,2024-12-04T11:00:00+09:00,201,くもり　時々　晴れ,北西の風　後　西の風,なし
41,340000,北部,340020,2024-12-05T00:00:00+09:00,200,くもり　所により　夕方　から　雨,西の風,なし
41,340000,北部,340020,2024-12-06T00:00:00+09:00,200,くもり,西の風,なし
42,360000,北部,360010,2024-12-04T11:00:00+09:00,101,晴れ　時々　くもり,北西の風　海上　では　北西の風　やや強く,１メートル
42,360000,北部,360010,2024-12-05T00:00:00+09:00,201,くもり　時々　晴れ,北西の風　海上　では　北西の風　やや強く,１メートル
42,360000,北部,360010,2024-12-06T00:00:00+09:00,201,くもり　時々　晴れ,西の風,１メートル
42,360000,南部,360020,2024-12-04T11:00:00+09:00,100,晴れ,北の風　やや強く　後　北西の風　やや強く,１．５メートル
42,360000,南部,360020,2024-12-05T00:00:00+09:00,101,晴れ　時々　くもり,北西の風　海上　では　北西の風　やや強く,１．５メートル
42,360000,南部,360020,2024-12-06T00:00:00+09:00,101,晴れ　時々　くもり,西の風,１．５メートル
43,370000,香川県,370000,2024-12-04T11:00:00+09:00,101,晴れ　時々　くもり,西の風　海上　では　後　北西の風　やや強く,０．５メートル　後　１メートル
43,370000,香川県,370000,2024-12-05T00:00:00+09:00,201,くもり　時々　晴れ,西の風　海上　では　西の風　やや強く,１メートル
43,370000,香川県,370000,2024-12-06T00:00:00+09:00,201,くもり　時々　晴れ,西の風,１メートル
44,380000,中予,380010,2024-12-04T11:00:00+09:00,101,晴れ　昼過ぎ　から　夕方　くもり,北西の風,０．５メートル
44,380000,中予,380010,2024-12-05T00:00:00+09:00,201,くもり　時々　晴れ,北西の風　後　西の風　海上　では　後　西の風　やや強く,０．５メートル　後　１メートル
44,380000,中予,380010,2024-12-06T00:00:00+09:00,201,くもり　時々　晴れ,西の風,１メートル
44,380000,東予,380020,2024-12-04T11:00:00+09:00,201,くもり　時々　晴れ,北の風　後　西の風,０．５メートル
44,380000,東予,380020,2024-12-05T00:00:00+09:00,201,くもり　時々　晴れ,西の風,０．５メートル
44,380000,東予,380020,2024-12-06T00:00:00+09:00,201,くもり　時々　晴れ,西の風,１メートル　後　０．５メートル
44,380000,南予,380030,2024-12-04T11:00:00+09:00,100,晴れ,北西の風　やや強く,１．５メートル
44,380000,南予,380030,2024-12-05T00:00:00+09:00,201,くもり　時々　晴れ,北西の風　後　西の風　海上　では　北西の風　やや強く,１．５メートル
44,380000,南予,380030,2024-12-06T00:00:00+09:00,201,くもり　時々　晴れ,西の風　やや強く　後　北西の風,１．５メートル
45,390000,中部,390010,2024-12-04T11:00:00+09:00,100,晴れ,北の風　やや強く　後　西の風,１．５メートル
45,390000,中部,390010,2024-12-05T00:00:00+09:00,101,晴れ　時々　くもり,西の風　後　北西の風　海上　では　後　北西の風　やや強く,１．５メートル
45,390000,中部,390010,2024-12-06T00:00:00+09:00,101,晴れ　時々　くもり,北西の風　後　西の風,１．５メートル
45,390000,東部,390020,2024-12-04T11:00:00+09:00,100,晴れ,北西の風　やや強く,１．５メートル
45,390000,東部,390020,2024-12-05T00:00:00+09:00,101,晴れ　時々　くもり,北西の風　後　西の風　海上　では　北西の風　やや強く,１．５メートル
45,390000,東部,390020,2024-12-06T00:00:00+09:00,101,晴れ　時々　くもり,北西の風,１．５メートル
45,390000,西部,390030,2024-12-04T11:00:00+09:00,100,晴れ,北西の風　やや強く　後　北の風,２メートル　後　１．５メートル
45,390000,西部,390030,2024-12-05T00:00:00+09:00,201,くもり　時々　晴れ,北の風　後　北西の風　海上　では　北西の風　やや強く,１．５メートル
45,390000,西部,390030,2024-12-06T00:00:00+09:00,201,くもり　時々　晴れ,西の風,１．５メートル
46,350000,西部,350010,2024-12-04T11:00:00+09:00,111,晴れ　昼過ぎ　から　くもり　所により　夜遅く　雨,北西の風　下関　では　北西の風　やや強く,２．５メートル　後　２メートル　うねり　を伴う　ただし　瀬戸内側　では　０．５メートル
46,350000,西部,350010,2024-12-05T00:00:00+09:00,200,くもり　所により　雨,北西の風　後　西の風　海上　では　西の風　やや強く,２メートル　ただし　瀬戸内側　では　１メートル
46,350000,西部,350010,2024-12-06T00:00:00+09:00,200,くもり,西の風,２メートル　ただし　瀬戸内側　では　１メートル
46,350000,中部,350020,2024-12-04T11:00:00+09:00,201,くもり　時々　晴れ　所により　夜遅く　雨か雪,北西の風　海上　では　北西の風　やや強く,０．５メートル　後　１メートル
46,350000,中部,350020,2024-12-05T00:00:00+09:00,200,くもり　所により　雨か雪,西の風　海上　では　西の風　やや強く,１メートル
46,350000,中部,350020,2024-12-06T00:00:00+09:00,201,くもり　時々　晴れ,西の風,１メートル
46,350000,東部,350030,2024-12-04T11:00:00+09:00,101,晴れ　時々　くもり,北西の風　後　西の風　柳井・光　では　北西の風　やや強く,１メートル
46,350000,東部,350030,2024-12-05T00:00:00+09:00,210,くもり　昼前　から　時々　晴れ　所により　雨か雪,西の風　柳井・光　では　西の風　やや強く,１メートル
46,350000,東部,350030,2024-12-06T00:00:00+09:00,101,晴れ　時々　くもり,西の風,１メートル
46,350000,北部,350040,2024-12-04T11:00:00+09:00,200,くもり　所により　夜遅く　雨,北の風　後　北西の風　海上　では　北西の風　やや強く,２．５メートル　後　２メートル　うねり　を伴う
46,350000,北部,350040,2024-12-05T00:00:00+09:00,200,くもり　所により　雨,北西の風　後　西の風　海上　では　北西の風　やや強く,２．５メートル　後　２メートル
46,350000,北部,350040,2024-12-06T00:00:00+09:00,200,くもり,西の風,２メートル　後　２．５メートル
47,400000,福岡地方,400010,2024-12-04T11:00:00+09:00,201,くもり　時々　晴れ　所により　夜遅く　雨,北の風　後　北西の風　海上　では　北西の風　やや強く,２メートル
47,400000,福岡地方,400010,2024-12-05T00:00:00+09:00,200,くもり　所により　雨,北西の風　後　西の風　海上　では　西の風　やや強く,２メートル
47,400000,福岡地方,400010,2024-12-06T00:00:00+09:00,200,くもり,北西の風,２メートル
47,400000,北九州地方,400020,2024-12-04T11:00:00+09:00,201,くもり　時々　晴れ　所により　夜遅く　雨,北西の風　北九州・遠賀地区　では　北西の風　やや強く,２メートル　ただし　瀬戸内側　では　０．５メートル
47,400000,北九州地方,400020,2024-12-05T00:00:00+09:00,200,くもり　所により　雨,北西の風　後　西の風　海上　では　西の風　やや強く,２メートル　ただし　瀬戸内側　では　１メートル
47,400000,北九州地方,400020,2024-12-06T00:00:00+09:00,200,くもり,西の風,２メートル　ただし　瀬戸内側　では　１メートル
47,400000,筑豊地方,400030,2024-12-04T11:00:00+09:00,201,くもり　時々　晴れ　所により　夜遅く　雨,北の風,なし
47,400000,筑豊地方,400030,2024-12-05T00:00:00+09:00,200,くもり　所により　雨,南の風　日中　西の風,なし
47,400000,筑豊地方,400030,2024-12-06T00:00:00+09:00,200,くもり,西の風,なし
47,400000,筑後地方,400040,2024-12-04T11:00:00+09:00,111,晴れ　夜　くもり,北の風,０．５メートル
47,400000,筑後地方,400040,2024-12-05T00:00:00+09:00,200,くもり　所により　雨,東の風　後　西の風,０．５メートル
47,400000,筑後地方,400040,2024-12-06T00:00:00+09:00,200,くもり,南の風　後　西の風,０．５メートル
48,410000,南部,410010,2024-12-04T11:00:00+09:00,111,晴れ　夕方　から　くもり,北の風　後　西の風,０．５メートル
48,410000,南部,410010,2024-12-05T00:00:00+09:00,210,くもり　昼過ぎ　から　時々　晴れ,西の風,０．５メートル
48,410000,南部,410010,2024-12-06T00:00:00+09:00,200,くもり,西の風,０．５メートル
48,410000,北部,410020,2024-12-04T11:00:00+09:00,111,晴れ　夕方　から　くもり,北西の風,２メートル　後　１．５メートル
48,410000,北部,410020,2024-12-05T00:00:00+09:00,210,くもり　昼過ぎ　から　時々　晴れ,北西の風　後　西の風　唐津地区　では　西の風　やや強く,１．５メートル
48,410000,北部,410020,2024-12-06T00:00:00+09:00,200,くもり,西の風,１．５メートル
49,420000,南部,420010,2024-12-04T11:00:00+09:00,111,晴れ　夜　くもり,北の風　海上　では　北の風　やや強く,１．５メートル　後　１メートル
49,420000,南部,420010,2024-12-05T00:00:00+09:00,210,くもり　昼過ぎ　から　時々　晴れ　所により　朝　から　昼過ぎ　雨,北の風　後　西の風　海上　では　北西の風　やや強く,１メートル　後　１．５メートル
49,420000,南部,420010,2024-12-06T00:00:00+09:00,200,くもり,西の風　後　北西の風,１．５メートル
49,420000,北部,420020,2024-12-04T11:00:00+09:00,111,晴れ　夕方　から　くもり,北の風　後　北西の風　海上　では　北の風　やや強く,２メートル　後　１．５メートル
49,420000,北部,420020,2024-12-05T00:00:00+09:00,210,くもり　昼過ぎ　から　時々　晴れ,北西の風　海上　では　西の風　やや強く,１．５メートル
49,420000,北部,420020,2024-12-06T00:00:00+09:00,200,くもり,西の風　後　北西の風,１．５メートル
49,420000,壱岐・対馬,420030,2024-12-04T11:00:00+09:00,111,晴れ　夜　くもり,北西の風　海上　では　北西の風　やや強く,２メートル
49,420000,壱岐・対馬,420030,2024-12-05T00:00:00+09:00,101,晴れ　時々　くもり,北西の風　後　西の風　海上　では　西の風　やや強く,２メートル
49,420000,壱岐・対馬,420030,2024-12-06T00:00:00+09:00,101,晴れ　時々　くもり,西の風,２メートル
49,420000,五島,420040,2024-12-04T11:00:00+09:00,111,晴れ　夕方　から　くもり,北の風　後　北西の風　海上　では　北の風　やや強く,２メートル　後　１．５メートル
49,420000,五島,420040,2024-12-05T00:00:00+09:00,200,くもり　所により　昼過ぎ　まで　雨,北西の風　海上　では　北西の風　やや強く,１．５メートル
49,420000,五島,420040,2024-12-06T00:00:00+09:00,200,くもり,北西の風,１．５メートル
50,430000,熊本地方,430010,2024-12-04T11:00:00+09:00,100,晴れ,北の風,０．５メートル
50,430000,熊本地方,430010,2024-12-05T00:00:00+09:00,211,くもり　夕方　から　晴れ,北の風　後　南西の風,０．５メートル
50,430000,熊本地方,430010,2024-12-06T00:00:00+09:00,200,くもり,北の風　後　北東の風,０．５メートル
50,430000,阿蘇地方,430020,2024-12-04T11:00:00+09:00,100,晴れ,北西の風　後　南西の風,なし
50,430000,阿蘇地方,430020,2024-12-05T00:00:00+09:00,210,くもり　昼過ぎ　から　時々　晴れ,南の風　後　西の風,なし
50,430000,阿蘇地方,430020,2024-12-06T00:00:00+09:00,200,くもり,南西の風　後　西の風,なし
50,430000,天草・芦北地方,430030,2024-12-04T11:00:00+09:00,100,晴れ,北西の風　後　北の風　天草地方　では　北の風　やや強く,１．５メートル　後　１メートル　ただし　芦北地方　では　０．５メートル
50,430000,天草・芦北地方,430030,2024-12-05T00:00:00+09:00,200,くもり　所により　朝　から　昼過ぎ　雨,北の風　後　西の風,１メートル　ただし　芦北地方　では　０．５メートル
50,430000,天草・芦北地方,430030,2024-12-06T00:00:00+09:00,200,くもり,西の風,１メートル　後　１．５メートル　ただし　芦北地方　では　０．５メートル
50,430000,球磨地方,430040,2024-12-04T11:00:00+09:00,100,晴れ　所により　昼前　霧,西の風,なし
50,430000,球磨地方,430040,2024-12-05T00:00:00+09:00,201,くもり　時々　晴れ　所により　朝　から　昼過ぎ　雨か雪,南西の風　後　西の風,なし
50,430000,球磨地方,430040,2024-12-06T00:00:00+09:00,200,くもり,西の風,なし
51,440000,中部,440010,2024-12-04T11:00:00+09:00,100,晴れ,北の風　後　北西の風　海上　では　北西の風　やや強く,１メートル
51,440000,中部,440010,2024-12-05T00:00:00+09:00,211,くもり　夕方　から　晴れ,西の風　後　南の風　海上　では　北西の風　やや強く,１メートル
51,440000,中部,440010,2024-12-06T00:00:00+09:00,101,晴れ　時々　くもり,南の風　後　北西の風,１メートル
51,440000,北部,440020,2024-12-04T11:00:00+09:00,101,晴れ　時々　くもり,北西の風　後　やや強く,１メートル
51,440000,北部,440020,2024-12-05T00:00:00+09:00,210,くもり　昼過ぎ　から　時々　晴れ,西の風　日中　やや強く,１メートル
51,440000,北部,440020,2024-12-06T00:00:00+09:00,201,くもり　時々　晴れ,西の風　後　やや強く,１メートル
51,440000,西部,440030,2024-12-04T11:00:00+09:00,100,晴れ,西の風,なし
51,440000,西部,440030,2024-12-05T00:00:00+09:00,210,くもり　昼過ぎ　から　時々　晴れ,西の風,なし
51,440000,西部,440030,2024-12-06T00:00:00+09:00,201,くもり　時々　晴れ,南西の風　後　西の風,なし
51,440000,南部,440040,2024-12-04T11:00:00+09:00,100,晴れ,北の風　海上　では　北の風　やや強く,２メートル　後　１．５メートル
51,440000,南部,440040,2024-12-05T00:00:00+09:00,211,くもり　夕方　から　晴れ,北の風　海上　では　北西の風　やや強く,１．５メートル　後　１メートル
51,440000,南部,440040,2024-12-06T00:00:00+09:00,100,晴れ,北の風,１メートル
52,450000,南部平野部,450010,2024-12-04T11:00:00+09:00,100,晴れ,東の風　後　西の風　海上　では　北の風　やや強く,１．５メートル
52,450000,南部平野部,450010,2024-12-05T00:00:00+09:00,101,晴れ　朝　から　昼過ぎ　くもり,西の風,１メートル
52,450000,南部平野部,450010,2024-12-06T00:00:00+09:00,101,晴れ　時々　くもり,西の風,１メートル
52,450000,北部平野部,450020,2024-12-04T11:00:00+09:00,100,晴れ,北の風　海上　では　北の風　やや強く,１．５メートル
52,450000,北部平野部,450020,2024-12-05T00:00:00+09:00,101,晴れ　朝　から　昼過ぎ　くもり,西の風,１メートル
52,450000,北部平野部,450020,2024-12-06T00:00:00+09:00,101,晴れ　時々　くもり,西の風,１メートル
52,450000,南部山沿い,450030,2024-12-04T11:00:00+09:00,100,晴れ,西の風,なし
52,450000,南部山沿い,450030,2024-12-05T00:00:00+09:00,101,晴れ　朝　から　夕方　くもり,西の風,なし
52,450000,南部山沿い,450030,2024-12-06T00:00:00+09:00,201,くもり　時々　晴れ,西の風,なし
52,450000,北部山沿い,450040,2024-12-04T11:00:00+09:00,100,晴れ,北西の風,なし
52,450000,北部山沿い,450040,2024-12-05T00:00:00+09:00,101,晴れ　朝　から　夕方　くもり,北西の風,なし
52,450000,北部山沿い,450040,2024-12-06T00:00:00+09:00,201,くもり　時々　晴れ,北西の風,なし
54,460100,薩摩地方,460010,2024-12-04T11:00:00+09:00,100,晴れ,北の風　海上　では　北の風　やや強く,１．５メートル
54,460100,薩摩地方,460010,2024-12-05T00:00:00+09:00,200,くもり　明け方　まで　晴れ　所により　朝　から　昼過ぎ　雨,北西の風,１メートル
54,460100,薩摩地方,460010,2024-12-06T00:00:00+09:00,201,くもり　時々　晴れ,北西の風,１．５メートル
54,460100,大隅地方,460020,2024-12-04T11:00:00+09:00,100,晴れ,北西の風,１メートル
54,460100,大隅地方,460020,2024-12-05T00:00:00+09:00,201,くもり　朝晩　晴れ,北西の風,１メートル
54,460100,大隅地方,460020,2024-12-06T00:00:00+09:00,101,晴れ　時々　くもり,北西の風,１メートル
54,460100,種子島・屋久島地方,460030,2024-12-04T11:00:00+09:00,100,晴れ,北西の風　やや強く,１．５メートル
54,460100,種子島・屋久島地方,460030,2024-12-05T00:00:00+09:00,111,晴れ　昼前　から　くもり　所により　昼過ぎ　から　雨,北西の風　はじめ　やや強く,１．５メートル
54,460100,種子島・屋久島地方,460030,2024-12-06T00:00:00+09:00,201,くもり　時々　晴れ,北西の風,１．５メートル
54,460100,奄美地方,460040,2024-12-04T11:00:00+09:00,100,晴れ,北の風　やや強く,２メートル
54,460100,奄美地方,460040,2024-12-05T00:00:00+09:00,200,くもり　明け方　まで　晴れ　十島村　では　夕方　から　雨,北の風,１．５メートル
54,460100,奄美地方,460040,2024-12-06T00:00:00+09:00,200,くもり,北の風,１．５メートル
55,471000,本島中南部,471010,2024-12-04T11:00:00+09:00,101,晴れ　時々　くもり,北東の風　やや強く,２メートル
55,471000,本島中南部,471010,2024-12-05T00:00:00+09:00,201,くもり　時々　晴れ,北東の風,２メートル　後　１．５メートル
55,471000,本島中南部,471010,2024-12-06T00:00:00+09:00,200,くもり,北東の風,１．５メートル
55,471000,本島北部,471020,2024-12-04T11:00:00+09:00,101,晴れ　時々　くもり,北東の風　やや強く,２メートル
55,471000,本島北部,471020,2024-12-05T00:00:00+09:00,201,くもり　時々　晴れ,北東の風,２メートル　後　１．５メートル
55,471000,本島北部,471020,2024-12-06T00:00:00+09:00,200,くもり,北東の風,１．５メートル
55,471000,久米島,471030,2024-12-04T11:00:00+09:00,101,晴れ　時々　くもり,北東の風　やや強く,２メートル
55,471000,久米島,471030,2024-12-05T00:00:00+09:00,201,くもり　時々　晴れ,北東の風,２メートル　後　１．５メートル
55,471000,久米島,471030,2024-12-06T00:00:00+09:00,200,くもり,北東の風,１．５メートル
56,472000,大東島地方,472000,2024-12-04T11:00:00+09:00,211,くもり　夕方　から　晴れ,北の風　後　やや強く,２メートル
56,472000,大東島地方,472000,2024-12-05T00:00:00+09:00,201,くもり　時々　晴れ,北の風　後　北東の風,２メートル
56,472000,大東島地方,472000,2024-12-06T00:00:00+09:00,201,くもり　時々　晴れ,北東の風,１．５メートル
57,473000,宮古島地方,473000,2024-12-04T11:00:00+09:00,101,晴れ　時々　くもり　所により　昼過ぎ　雨,北東の風　やや強く,２メートル　後　２．５メートル
57,473000,宮古島地方,473000,2024-12-05T00:00:00+09:00,200,くもり　明け方　まで　晴れ,北東の風,２．５メートル　後　２メートル
57,473000,宮古島地方,473000,2024-12-06T00:00:00+09:00,202,くもり　一時　雨,東の風　後　北東の風　やや強く,２メートル
58,474000,石垣島地方,474010,2024-12-04T11:00:00+09:00,200,くもり　所により　夜のはじめ頃　まで　雨,北東の風　やや強く,２メートル　後　２．５メートル
58,474000,石垣島地方,474010,2024-12-05T00:00:00+09:00,200,くもり,北東の風　やや強く,２．５メートル　後　２メートル
58,474000,石垣島地方,474010,2024-12-06T00:00:00+09:00,202,くもり　一時　雨,東の風　後　北東の風　やや強く,２メートル
58,474000,与那国島地方,474020,2024-12-04T11:00:00+09:00,200,くもり　所により　雨,北東の風　やや強く,２メートル　後　２．５メートル
58,474000,与那国島地方,474020,2024-12-05T00:00:00+09:00,212,くもり　夜遅く　雨,北東の風　やや強く,２．５メートル　後　２メートル
58,474000,与那国島地方,474020,2024-12-06T00:00:00+09:00,202,くもり　一時　雨,東の風　後　北東の風　やや強く,２メートル　後　２．５メートル
